Team,Players,Position,Captain
Egypt national football team,Essam El-Hadary,GK,1
Egypt national football team,Ali Gabr,DF,0
Egypt national football team,Ahmed Elmohamady,DF,0
Egypt national football team,Omar Gaber,MF,0
Egypt national football team,Sam Morsy,MF,0
Egypt national football team,Ahmed Hegazi,DF,0
Egypt national football team,Ahmed Fathy,DF,0
Egypt national football team,Tarek Hamed,MF,0
Egypt national football team,Marwan Mohsen,FW,0
Egypt national football team,Mohamed Salah,FW,0
Egypt national football team,Kahraba,FW,0
Egypt national football team,Ayman Ashraf,DF,0
Egypt national football team,Mohamed Abdel-Shafy,DF,0
Egypt national football team,Ramadan Sobhi,FW,0
Egypt national football team,Mahmoud Hamdy,DF,0
Egypt national football team,Sherif Ekramy,GK,0
Egypt national football team,Mohamed Elneny,MF,0
Egypt national football team,Shikabala,FW,0
Egypt national football team,Abdallah Said,MF,0
Egypt national football team,Saad Samir,DF,0
Egypt national football team,Trézéguet,MF,0
Egypt national football team,Amr Warda,FW,0
Egypt national football team,Mohamed El-Shenawy,GK,0
Russia national football team,Igor Akinfeev,GK,0
Russia national football team,Mário Fernandes,DF,0
Russia national football team,Ilya Kutepov,DF,0
Russia national football team,Sergei Ignashevich,DF,0
Russia national football team,Andrei Semyonov,DF,0
Russia national football team,Denis Cheryshev,MF,0
Russia national football team,Daler Kuzyayev,MF,0
Russia national football team,Yury Gazinsky,MF,0
Russia national football team,Alan Dzagoev,MF,0
Russia national football team,Fyodor Smolov,FW,0
Russia national football team,Roman Zobnin,MF,0
Russia national football team,Andrey Lunyov,GK,0
Russia national football team,Fyodor Kudryashov,DF,0
Russia national football team,Vladimir Granat,DF,0
Russia national football team,Aleksei Miranchuk,MF,0
Russia national football team,Anton Miranchuk,MF,0
Russia national football team,Aleksandr Golovin,MF,0
Russia national football team,Yuri Zhirkov,MF,0
Russia national football team,Aleksandr Samedov,MF,0
Russia national football team,Vladimir Gabulov,GK,0
Russia national football team,Aleksandr Yerokhin,MF,0
Russia national football team,Artem Dzyuba,FW,0
Russia national football team,Igor Smolnikov,DF,0
Saudi Arabia national football team,Abdullah Al-Mayouf,GK,0
Saudi Arabia national football team,Mansoor Al-Harbi,DF,0
Saudi Arabia national football team,Osama Hawsawi,DF,1
Saudi Arabia national football team,Ali Al-Bulaihi,DF,0
Saudi Arabia national football team,Omar Hawsawi,DF,0
Saudi Arabia national football team,Mohammed Al-Breik,DF,0
Saudi Arabia national football team,Salman Al-Faraj,MF,0
Saudi Arabia national football team,Yahya Al-Shehri,MF,0
Saudi Arabia national football team,Hattan Bahebri,MF,0
Saudi Arabia national football team,Mohammad Al-Sahlawi,FW,0
Saudi Arabia national football team,Abdulmalek Al-Khaibri,MF,0
Saudi Arabia national football team,Mohamed Kanno,MF,0
Saudi Arabia national football team,Yasser Al-Shahrani,DF,0
Saudi Arabia national football team,Abdullah Otayf,MF,0
Saudi Arabia national football team,Abdullah Al-Khaibari,MF,0
Saudi Arabia national football team,Housain Al-Mogahwi,MF,0
Saudi Arabia national football team,Taisir Al-Jassim,MF,0
Saudi Arabia national football team,Salem Al-Dawsari,MF,0
Saudi Arabia national football team,Fahad Al-Muwallad,FW,0
Saudi Arabia national football team,Muhannad Assiri,FW,0
Saudi Arabia national football team,Yasser Al-Mosailem,GK,0
Saudi Arabia national football team,Mohammed Al-Owais,GK,0
Saudi Arabia national football team,Motaz Hawsawi,DF,0
Uruguay national football team,Fernando Muslera,GK,0
Uruguay national football team,José Giménez,DF,0
Uruguay national football team,Diego Godín,DF,1
Uruguay national football team,Guillermo Varela,DF,0
Uruguay national football team,Carlos Sánchez,MF,0
Uruguay national football team,Rodrigo Bentancur,MF,0
Uruguay national football team,Cristian Rodríguez,MF,0
Uruguay national football team,Nahitan Nández,MF,0
Uruguay national football team,Luis Suárez,FW,0
Uruguay national football team,Giorgian De Arrascaeta,FW,0
Uruguay national football team,Cristhian Stuani,FW,0
Uruguay national football team,Martín Campaña,GK,0
Uruguay national football team,Gastón Silva,DF,0
Uruguay national football team,Lucas Torreira,MF,0
Uruguay national football team,Matías Vecino,MF,0
Uruguay national football team,Maxi Pereira,DF,0
Uruguay national football team,Diego Laxalt,MF,0
Uruguay national football team,Maxi Gómez,FW,0
Uruguay national football team,Sebastián Coates,DF,0
Uruguay national football team,Jonathan Urretaviscaya,FW,0
Uruguay national football team,Edinson Cavani,FW,0
Uruguay national football team,Martín Cáceres,DF,0
Uruguay national football team,Martín Silva,GK,0
Iran national football team,Alireza Beiranvand,GK,0
Iran national football team,Mehdi Torabi,MF,0
Iran national football team,Ehsan Hajsafi,DF,0
Iran national football team,Rouzbeh Cheshmi,DF,0
Iran national football team,Milad Mohammadi,DF,0
Iran national football team,Saeid Ezatolahi,MF,0
Iran national football team,Masoud Shojaei,MF,1
Iran national football team,Morteza Pouraliganji,DF,0
Iran national football team,Omid Ebrahimi,MF,0
Iran national football team,Karim Ansarifard,FW,0
Iran national football team,Vahid Amiri,MF,0
Iran national football team,Mohammad Rashid Mazaheri,GK,0
Iran national football team,Mohammad Reza Khanzadeh,DF,0
Iran national football team,Saman Ghoddos,FW,0
Iran national football team,Pejman Montazeri,DF,0
Iran national football team,Reza Ghoochannejhad,FW,0
Iran national football team,Mehdi Taremi,FW,0
Iran national football team,Alireza Jahanbakhsh,FW,0
Iran national football team,Majid Hosseini,DF,0
Iran national football team,Sardar Azmoun,FW,0
Iran national football team,Ashkan Dejagah,FW,0
Iran national football team,Amir Abedzadeh,GK,0
Iran national football team,Ramin Rezaeian,DF,0
Morocco national football team,Yassine Bounou,GK,0
Morocco national football team,Achraf Hakimi,DF,0
Morocco national football team,Hamza Mendyl,DF,0
Morocco national football team,Manuel da Costa,DF,0
Morocco national football team,Medhi Benatia,DF,1
Morocco national football team,Romain Saïss,DF,0
Morocco national football team,Hakim Ziyech,MF,0
Morocco national football team,Karim El Ahmadi,MF,0
Morocco national football team,Ayoub El Kaabi,FW,0
Morocco national football team,Younès Belhanda,MF,0
Morocco national football team,Fayçal Fajr,MF,0
Morocco national football team,Munir Mohamedi,GK,0
Morocco national football team,Khalid Boutaïb,FW,0
Morocco national football team,Mbark Boussoufa,MF,0
Morocco national football team,Youssef Aït Bennasser,MF,0
Morocco national football team,Nordin Amrabat,MF,0
Morocco national football team,Nabil Dirar,DF,0
Morocco national football team,Amine Harit,MF,0
Morocco national football team,Youssef En-Nesyri,FW,0
Morocco national football team,Aziz Bouhaddouz,FW,0
Morocco national football team,Sofyan Amrabat,MF,0
Morocco national football team,Ahmed Reda Tagnaouti,GK,0
Morocco national football team,Mehdi Carcela,MF,0
Portugal national football team,Rui Patrício,GK,0
Portugal national football team,Bruno Alves,DF,0
Portugal national football team,Pepe,DF,0
Portugal national football team,Manuel Fernandes,MF,0
Portugal national football team,Raphaël Guerreiro,DF,0
Portugal national football team,José Fonte,DF,0
Portugal national football team,Cristiano Ronaldo,FW,1
Portugal national football team,João Moutinho,MF,0
Portugal national football team,André Silva,FW,0
Portugal national football team,João Mário,MF,0
Portugal national football team,Bernardo Silva,MF,0
Portugal national football team,Anthony Lopes,GK,0
Portugal national football team,Rúben Dias,DF,0
Portugal national football team,William Carvalho,MF,0
Portugal national football team,Ricardo Pereira,DF,0
Portugal national football team,Bruno Fernandes,MF,0
Portugal national football team,Gonçalo Guedes,FW,0
Portugal national football team,Gelson Martins,FW,0
Portugal national football team,Mário Rui,DF,0
Portugal national football team,Ricardo Quaresma,FW,0
Portugal national football team,Cédric,DF,0
Portugal national football team,Beto,GK,0
Portugal national football team,Adrien Silva,MF,0
Spain national football team,David de Gea,GK,0
Spain national football team,Dani Carvajal,DF,0
Spain national football team,Gerard Piqué,DF,0
Spain national football team,Nacho,DF,0
Spain national football team,Sergio Busquets,MF,0
Spain national football team,Andrés Iniesta,MF,0
Spain national football team,Saúl,MF,0
Spain national football team,Koke,MF,0
Spain national football team,Rodrigo,FW,0
Spain national football team,Thiago,MF,0
Spain national football team,Lucas Vázquez,FW,0
Spain national football team,Álvaro Odriozola,DF,0
Spain national football team,Kepa Arrizabalaga,GK,0
Spain national football team,César Azpilicueta,DF,0
Spain national football team,Sergio Ramos,DF,1
Spain national football team,Nacho Monreal,DF,0
Spain national football team,Iago Aspas,FW,0
Spain national football team,Jordi Alba,DF,0
Spain national football team,Diego Costa,FW,0
Spain national football team,Marco Asensio,MF,0
Spain national football team,David Silva,FW,0
Spain national football team,Isco,MF,0
Spain national football team,Pepe Reina,GK,0
Australia national soccer team,Mathew Ryan,GK,0
Australia national soccer team,Milos Degenek,DF,0
Australia national soccer team,James Meredith,DF,0
Australia national soccer team,Tim Cahill,FW,0
Australia national soccer team,Mark Milligan,DF,0
Australia national soccer team,Matthew Jurman,DF,0
Australia national soccer team,Mathew Leckie,FW,0
Australia national soccer team,Massimo Luongo,MF,0
Australia national soccer team,Tomi Juric,FW,0
Australia national soccer team,Robbie Kruse,FW,0
Australia national soccer team,Andrew Nabbout,FW,0
Australia national soccer team,Brad Jones,GK,0
Australia national soccer team,Aaron Mooy,MF,0
Australia national soccer team,Jamie Maclaren,FW,0
Australia national soccer team,Mile Jedinak,MF,1
Australia national soccer team,Aziz Behich,DF,0
Australia national soccer team,Daniel Arzani,FW,0
Australia national soccer team,Danny Vukovic,GK,0
Australia national soccer team,Josh Risdon,DF,0
Australia national soccer team,Trent Sainsbury,DF,0
Australia national soccer team,Dimitri Petratos,FW,0
Australia national soccer team,Jackson Irvine,MF,0
Australia national soccer team,Tom Rogic,MF,0
Denmark national football team,Kasper Schmeichel,GK,0
Denmark national football team,Michael Krohn-Dehli,MF,0
Denmark national football team,Jannik Vestergaard,DF,0
Denmark national football team,Simon Kjær,DF,1
Denmark national football team,Jonas Knudsen,DF,0
Denmark national football team,Andreas Christensen,DF,0
Denmark national football team,William Kvist,MF,0
Denmark national football team,Thomas Delaney,MF,0
Denmark national football team,Nicolai Jørgensen,FW,0
Denmark national football team,Christian Eriksen,MF,0
Denmark national football team,Martin Braithwaite,FW,0
Denmark national football team,Kasper Dolberg,FW,0
Denmark national football team,Mathias Jørgensen,DF,0
Denmark national football team,Henrik Dalsgaard,DF,0
Denmark national football team,Viktor Fischer,FW,0
Denmark national football team,Jonas Lössl,GK,0
Denmark national football team,Jens Stryger Larsen,DF,0
Denmark national football team,Lukas Lerager,MF,0
Denmark national football team,Lasse Schöne,MF,0
Denmark national football team,Yussuf Poulsen,FW,0
Denmark national football team,Andreas Cornelius,FW,0
Denmark national football team,Frederik Rønnow,GK,0
Denmark national football team,Pione Sisto,FW,0
France national football team,Hugo Lloris,GK,1
France national football team,Benjamin Pavard,DF,0
France national football team,Presnel Kimpembe,DF,0
France national football team,Raphaël Varane,DF,0
France national football team,Samuel Umtiti,DF,0
France national football team,Paul Pogba,MF,0
France national football team,Antoine Griezmann,FW,0
France national football team,Thomas Lemar,FW,0
France national football team,Olivier Giroud,FW,0
France national football team,Kylian Mbappé,FW,0
France national football team,Ousmane Dembélé,FW,0
France national football team,Corentin Tolisso,MF,0
France national football team,N'Golo Kanté,MF,0
France national football team,Blaise Matuidi,MF,0
France national football team,Steven Nzonzi,MF,0
France national football team,Steve Mandanda,GK,0
France national football team,Adil Rami,DF,0
France national football team,Nabil Fekir,FW,0
France national football team,Djibril Sidibé,DF,0
France national football team,Florian Thauvin,FW,0
France national football team,Lucas Hernández,DF,0
France national football team,Benjamin Mendy,DF,0
France national football team,Alphonse Areola,GK,0
Peru national football team,Pedro Gallese,GK,0
Peru national football team,Alberto Rodríguez,DF,0
Peru national football team,Aldo Corzo,DF,0
Peru national football team,Anderson Santamaría,DF,0
Peru national football team,Miguel Araujo,DF,0
Peru national football team,Miguel Trauco,DF,0
Peru national football team,Paolo Hurtado,MF,0
Peru national football team,Christian Cueva,MF,0
Peru national football team,Paolo Guerrero,FW,1
Peru national football team,Jefferson Farfán,FW,0
Peru national football team,Raúl Ruidíaz,FW,0
Peru national football team,Carlos Cáceda,GK,0
Peru national football team,Renato Tapia,MF,0
Peru national football team,Andy Polo,MF,0
Peru national football team,Christian Ramos,DF,0
Peru national football team,Wilder Cartagena,MF,0
Peru national football team,Luis Advíncula,DF,0
Peru national football team,André Carrillo,FW,0
Peru national football team,Yoshimar Yotún,MF,0
Peru national football team,Edison Flores,FW,0
Peru national football team,José Carvallo,GK,0
Peru national football team,Nilson Loyola,DF,0
Peru national football team,Pedro Aquino,MF,0
Argentina national football team,Nahuel Guzmán,GK,0
Argentina national football team,Gabriel Mercado,DF,0
Argentina national football team,Nicolás Tagliafico,DF,0
Argentina national football team,Cristian Ansaldi,DF,0
Argentina national football team,Lucas Biglia,MF,0
Argentina national football team,Federico Fazio,DF,0
Argentina national football team,Éver Banega,MF,0
Argentina national football team,Marcos Acuña,DF,0
Argentina national football team,Gonzalo Higuaín,FW,0
Argentina national football team,Lionel Messi,FW,1
Argentina national football team,Ángel Di María,MF,0
Argentina national football team,Franco Armani,GK,0
Argentina national football team,Maximiliano Meza,MF,0
Argentina national football team,Javier Mascherano,DF,0
Argentina national football team,Enzo Pérez,MF,0
Argentina national football team,Marcos Rojo,DF,0
Argentina national football team,Nicolás Otamendi,DF,0
Argentina national football team,Eduardo Salvio,DF,0
Argentina national football team,Sergio Agüero,FW,0
Argentina national football team,Giovani Lo Celso,MF,0
Argentina national football team,Paulo Dybala,FW,0
Argentina national football team,Cristian Pavón,MF,0
Argentina national football team,Willy Caballero,GK,0
Croatia national football team,Dominik Livaković,GK,0
Croatia national football team,Šime Vrsaljko,DF,0
Croatia national football team,Ivan Strinić,DF,0
Croatia national football team,Ivan Perišić,FW,0
Croatia national football team,Vedran Ćorluka,DF,0
Croatia national football team,Dejan Lovren,DF,0
Croatia national football team,Ivan Rakitić,MF,0
Croatia national football team,Mateo Kovačić,MF,0
Croatia national football team,Andrej Kramarić,FW,0
Croatia national football team,Luka Modrić,MF,1
Croatia national football team,Marcelo Brozović,MF,0
Croatia national football team,Lovre Kalinić,GK,0
Croatia national football team,Tin Jedvaj,DF,0
Croatia national football team,Filip Bradarić,MF,0
Croatia national football team,Duje Ćaleta-Car,DF,0
Croatia national football team,Nikola Kalinić[note 2],FW,0
Croatia national football team,Mario Mandžukić,FW,0
Croatia national football team,Ante Rebić,FW,0
Croatia national football team,Milan Badelj,MF,0
Croatia national football team,Marko Pjaca,FW,0
Croatia national football team,Domagoj Vida,DF,0
Croatia national football team,Josip Pivarić,DF,0
Croatia national football team,Danijel Subašić,GK,0
Iceland national football team,Hannes Þór Halldórsson,GK,0
Iceland national football team,Birkir Már Sævarsson,DF,0
Iceland national football team,Samúel Friðjónsson,MF,0
Iceland national football team,Albert Guðmundsson,MF,0
Iceland national football team,Sverrir Ingi Ingason,DF,0
Iceland national football team,Ragnar Sigurðsson,DF,0
Iceland national football team,Jóhann Berg Guðmundsson,MF,0
Iceland national football team,Birkir Bjarnason,MF,0
Iceland national football team,Björn Bergmann Sigurðarson,FW,0
Iceland national football team,Gylfi Sigurðsson,MF,0
Iceland national football team,Alfreð Finnbogason,FW,0
Iceland national football team,Frederik Schram,GK,0
Iceland national football team,Rúnar Alex Rúnarsson,GK,0
Iceland national football team,Kári Árnason,DF,0
Iceland national football team,Hólmar Örn Eyjólfsson,DF,0
Iceland national football team,Ólafur Ingi Skúlason,MF,0
Iceland national football team,Aron Gunnarsson,MF,1
Iceland national football team,Hörður Björgvin Magnússon,DF,0
Iceland national football team,Rúrik Gíslason,MF,0
Iceland national football team,Emil Hallfreðsson,MF,0
Iceland national football team,Arnór Ingvi Traustason,MF,0
Iceland national football team,Jón Daði Böðvarsson,FW,0
Iceland national football team,Ari Freyr Skúlason,DF,0
Nigeria national football team,Ikechukwu Ezenwa,GK,0
Nigeria national football team,Brian Idowu,DF,0
Nigeria national football team,Elderson Echiéjilé,DF,0
Nigeria national football team,Wilfred Ndidi,MF,0
Nigeria national football team,William Troost-Ekong,DF,0
Nigeria national football team,Leon Balogun,DF,0
Nigeria national football team,Ahmed Musa,FW,0
Nigeria national football team,Peter Etebo,MF,0
Nigeria national football team,Odion Ighalo,FW,0
Nigeria national football team,John Obi Mikel,MF,1
Nigeria national football team,Victor Moses,FW,0
Nigeria national football team,Shehu Abdullahi,DF,0
Nigeria national football team,Simeon Nwankwo,FW,0
Nigeria national football team,Kelechi Iheanacho,FW,0
Nigeria national football team,Joel Obi,MF,0
Nigeria national football team,Daniel Akpeyi,GK,0
Nigeria national football team,Ogenyi Onazi,MF,0
Nigeria national football team,Alex Iwobi,FW,0
Nigeria national football team,John Ogu,MF,0
Nigeria national football team,Chidozie Awaziem,DF,0
Nigeria national football team,Tyronne Ebuehi,DF,0
Nigeria national football team,Kenneth Omeruo,DF,0
Nigeria national football team,Francis Uzoho,GK,0
Brazil national football team,Alisson,GK,0
Brazil national football team,Thiago Silva,DF,0
Brazil national football team,Miranda,DF,0
Brazil national football team,Pedro Geromel,DF,0
Brazil national football team,Casemiro,MF,0
Brazil national football team,Filipe Luís,DF,0
Brazil national football team,Douglas Costa,FW,0
Brazil national football team,Renato Augusto,MF,0
Brazil national football team,Gabriel Jesus,FW,0
Brazil national football team,Neymar,FW,0
Brazil national football team,Philippe Coutinho,MF,0
Brazil national football team,Marcelo,DF,1
Brazil national football team,Marquinhos,DF,0
Brazil national football team,Danilo,DF,0
Brazil national football team,Paulinho,MF,0
Brazil national football team,Cássio,GK,0
Brazil national football team,Fernandinho,MF,0
Brazil national football team,Fred,MF,0
Brazil national football team,Willian,MF,0
Brazil national football team,Roberto Firmino,FW,0
Brazil national football team,Taison,FW,0
Brazil national football team,Fagner,DF,0
Brazil national football team,Ederson,GK,0
Costa Rica national football team,Keylor Navas,GK,0
Costa Rica national football team,Johnny Acosta,DF,0
Costa Rica national football team,Giancarlo González,DF,0
Costa Rica national football team,Ian Smith,DF,0
Costa Rica national football team,Celso Borges,MF,0
Costa Rica national football team,Óscar Duarte,DF,0
Costa Rica national football team,Christian Bolaños,MF,0
Costa Rica national football team,Bryan Oviedo,DF,0
Costa Rica national football team,Daniel Colindres,MF,0
Costa Rica national football team,Bryan Ruiz,MF,1
Costa Rica national football team,Johan Venegas,FW,0
Costa Rica national football team,Joel Campbell,FW,0
Costa Rica national football team,Rodney Wallace,MF,0
Costa Rica national football team,Randall Azofeifa,MF,0
Costa Rica national football team,Francisco Calvo,DF,0
Costa Rica national football team,Cristian Gamboa,DF,0
Costa Rica national football team,Yeltsin Tejeda,MF,0
Costa Rica national football team,Patrick Pemberton,GK,0
Costa Rica national football team,Kendall Waston,DF,0
Costa Rica national football team,David Guzmán,MF,0
Costa Rica national football team,Marco Ureña,FW,0
Costa Rica national football team,Kenner Gutiérrez,DF,0
Costa Rica national football team,Leonel Moreira,GK,0
Serbia national football team,Vladimir Stojković,GK,0
Serbia national football team,Antonio Rukavina,DF,0
Serbia national football team,Duško Tošić,DF,0
Serbia national football team,Luka Milivojević,MF,0
Serbia national football team,Uroš Spajić,DF,0
Serbia national football team,Branislav Ivanović,DF,0
Serbia national football team,Andrija Živković,MF,0
Serbia national football team,Aleksandar Prijović,FW,0
Serbia national football team,Aleksandar Mitrović,FW,0
Serbia national football team,Dušan Tadić,MF,0
Serbia national football team,Aleksandar Kolarov,DF,1
Serbia national football team,Predrag Rajković,GK,0
Serbia national football team,Miloš Veljković,DF,0
Serbia national football team,Milan Rodić,DF,0
Serbia national football team,Nikola Milenković,DF,0
Serbia national football team,Marko Grujić,MF,0
Serbia national football team,Filip Kostić,MF,0
Serbia national football team,Nemanja Radonjić,FW,0
Serbia national football team,Luka Jović,FW,0
Serbia national football team,Sergej Milinković-Savić,MF,0
Serbia national football team,Nemanja Matić,MF,0
Serbia national football team,Adem Ljajić,MF,0
Serbia national football team,Marko Dmitrović,GK,0
Switzerland national football team,Yann Sommer,GK,0
Switzerland national football team,Stephan Lichtsteiner,DF,1
Switzerland national football team,François Moubandje,DF,0
Switzerland national football team,Nico Elvedi,DF,0
Switzerland national football team,Manuel Akanji,DF,0
Switzerland national football team,Michael Lang,DF,0
Switzerland national football team,Breel Embolo,FW,0
Switzerland national football team,Remo Freuler,MF,0
Switzerland national football team,Haris Seferović,FW,0
Switzerland national football team,Granit Xhaka,MF,0
Switzerland national football team,Valon Behrami,MF,0
Switzerland national football team,Yvon Mvogo,GK,0
Switzerland national football team,Ricardo Rodríguez,DF,0
Switzerland national football team,Steven Zuber,MF,0
Switzerland national football team,Blerim Džemaili,MF,0
Switzerland national football team,Gelson Fernandes,MF,0
Switzerland national football team,Denis Zakaria,MF,0
Switzerland national football team,Mario Gavranović,FW,0
Switzerland national football team,Josip Drmić,FW,0
Switzerland national football team,Johan Djourou,DF,0
Switzerland national football team,Roman Bürki,GK,0
Switzerland national football team,Fabian Schär,DF,0
Switzerland national football team,Xherdan Shaqiri,MF,0
Germany national football team,Manuel Neuer,GK,1
Germany national football team,Marvin Plattenhardt,DF,0
Germany national football team,Jonas Hector,DF,0
Germany national football team,Matthias Ginter,DF,0
Germany national football team,Mats Hummels,DF,0
Germany national football team,Sami Khedira,MF,0
Germany national football team,Julian Draxler,MF,0
Germany national football team,Toni Kroos,MF,0
Germany national football team,Timo Werner,FW,0
Germany national football team,Mesut Özil,MF,0
Germany national football team,Marco Reus,FW,0
Germany national football team,Kevin Trapp,GK,0
Germany national football team,Thomas Müller,MF,0
Germany national football team,Leon Goretzka,MF,0
Germany national football team,Niklas Süle,DF,0
Germany national football team,Antonio Rüdiger,DF,0
Germany national football team,Jérôme Boateng,DF,0
Germany national football team,Joshua Kimmich,DF,0
Germany national football team,Sebastian Rudy,MF,0
Germany national football team,Julian Brandt,MF,0
Germany national football team,İlkay Gündoğan,MF,0
Germany national football team,Marc-André ter Stegen,GK,0
Germany national football team,Mario Gómez,FW,0
Mexico national football team,José de Jesús Corona,GK,0
Mexico national football team,Hugo Ayala,DF,0
Mexico national football team,Carlos Salcedo,DF,0
Mexico national football team,Rafael Márquez,DF,1
Mexico national football team,Érick Gutiérrez,MF,0
Mexico national football team,Jonathan dos Santos,MF,0
Mexico national football team,Miguel Layún,MF,0
Mexico national football team,Marco Fabián,FW,0
Mexico national football team,Raúl Jiménez,FW,0
Mexico national football team,Giovani dos Santos,MF,0
Mexico national football team,Carlos Vela,FW,0
Mexico national football team,Alfredo Talavera,GK,0
Mexico national football team,Guillermo Ochoa,GK,0
Mexico national football team,Javier Hernández,FW,0
Mexico national football team,Héctor Moreno,DF,0
Mexico national football team,Héctor Herrera,DF,0
Mexico national football team,Jesús Manuel Corona,MF,0
Mexico national football team,Andrés Guardado,MF,0
Mexico national football team,Oribe Peralta,FW,0
Mexico national football team,Javier Aquino,MF,0
Mexico national football team,Edson Álvarez,DF,0
Mexico national football team,Hirving Lozano,FW,0
Mexico national football team,Jesús Gallardo,MF,0
South Korea national football team,Kim Seung-gyu,GK,0
South Korea national football team,Lee Yong,DF,0
South Korea national football team,Jung Seung-hyun,DF,0
South Korea national football team,Oh Ban-suk,DF,0
South Korea national football team,Yun Young-sun,DF,0
South Korea national football team,Park Joo-ho,DF,0
South Korea national football team,Son Heung-min,FW,0
South Korea national football team,Ju Se-jong,MF,0
South Korea national football team,Kim Shin-wook,FW,0
South Korea national football team,Lee Seung-woo,MF,0
South Korea national football team,Hwang Hee-chan,FW,0
South Korea national football team,Kim Min-woo,DF,0
South Korea national football team,Koo Ja-cheol,MF,0
South Korea national football team,Hong Chul,DF,0
South Korea national football team,Jung Woo-young,MF,0
South Korea national football team,Ki Sung-yueng,MF,1
South Korea national football team,Lee Jae-sung,MF,0
South Korea national football team,Moon Seon-min,MF,0
South Korea national football team,Kim Young-gwon,DF,0
South Korea national football team,Jang Hyun-soo,DF,0
South Korea national football team,Kim Jin-hyeon,GK,0
South Korea national football team,Go Yo-han,DF,0
South Korea national football team,Jo Hyeon-woo,GK,0
Sweden national football team,Robin Olsen,GK,0
Sweden national football team,Mikael Lustig,DF,0
Sweden national football team,Victor Lindelöf,DF,0
Sweden national football team,Andreas Granqvist,DF,1
Sweden national football team,Martin Olsson,DF,0
Sweden national football team,Ludwig Augustinsson,DF,0
Sweden national football team,Sebastian Larsson,MF,0
Sweden national football team,Albin Ekdal,MF,0
Sweden national football team,Marcus Berg,FW,0
Sweden national football team,Emil Forsberg,MF,0
Sweden national football team,John Guidetti,FW,0
Sweden national football team,Karl-Johan Johnsson,GK,0
Sweden national football team,Gustav Svensson,MF,0
Sweden national football team,Filip Helander,DF,0
Sweden national football team,Oscar Hiljemark,MF,0
Sweden national football team,Emil Krafth,DF,0
Sweden national football team,Viktor Claesson,MF,0
Sweden national football team,Pontus Jansson,DF,0
Sweden national football team,Marcus Rohdén,MF,0
Sweden national football team,Ola Toivonen,FW,0
Sweden national football team,Jimmy Durmaz,MF,0
Sweden national football team,Isaac Kiese Thelin,FW,0
Sweden national football team,Kristoffer Nordfeldt,GK,0
Belgium national football team,Thibaut Courtois,GK,0
Belgium national football team,Toby Alderweireld,DF,0
Belgium national football team,Thomas Vermaelen,DF,0
Belgium national football team,Vincent Kompany,DF,0
Belgium national football team,Jan Vertonghen,DF,0
Belgium national football team,Axel Witsel,MF,0
Belgium national football team,Kevin De Bruyne,MF,0
Belgium national football team,Marouane Fellaini,MF,0
Belgium national football team,Romelu Lukaku,FW,0
Belgium national football team,Eden Hazard,FW,1
Belgium national football team,Yannick Carrasco,MF,0
Belgium national football team,Simon Mignolet,GK,0
Belgium national football team,Koen Casteels,GK,0
Belgium national football team,Dries Mertens,FW,0
Belgium national football team,Thomas Meunier,DF,0
Belgium national football team,Thorgan Hazard,MF,0
Belgium national football team,Youri Tielemans,MF,0
Belgium national football team,Adnan Januzaj,FW,0
Belgium national football team,Mousa Dembélé,MF,0
Belgium national football team,Dedryck Boyata,DF,0
Belgium national football team,Michy Batshuayi,FW,0
Belgium national football team,Nacer Chadli,MF,0
Belgium national football team,Leander Dendoncker,DF,0
England national football team,Jordan Pickford,GK,0
England national football team,Kyle Walker,DF,0
England national football team,Danny Rose,DF,0
England national football team,Eric Dier,MF,0
England national football team,John Stones,DF,0
England national football team,Harry Maguire,DF,0
England national football team,Jesse Lingard,MF,0
England national football team,Jordan Henderson,MF,0
England national football team,Harry Kane,FW,1
England national football team,Raheem Sterling,FW,0
England national football team,Jamie Vardy,FW,0
England national football team,Kieran Trippier,DF,0
England national football team,Jack Butland,GK,0
England national football team,Danny Welbeck,FW,0
England national football team,Gary Cahill,DF,0
England national football team,Phil Jones,DF,0
England national football team,Fabian Delph,DF,0
England national football team,Ashley Young,DF,0
England national football team,Marcus Rashford,FW,0
England national football team,Dele Alli,MF,0
England national football team,Ruben Loftus-Cheek,MF,0
England national football team,Trent Alexander-Arnold,DF,0
England national football team,Nick Pope,GK,0
Panama national football team,Jaime Penedo,GK,0
Panama national football team,Michael Amir Murillo,DF,0
Panama national football team,Harold Cummings,DF,0
Panama national football team,Fidel Escobar,DF,0
Panama national football team,Román Torres,DF,0
Panama national football team,Gabriel Gómez,MF,0
Panama national football team,Blas Pérez,FW,0
Panama national football team,Édgar Bárcenas,MF,0
Panama national football team,Gabriel Torres,FW,0
Panama national football team,Ismael Díaz,FW,0
Panama national football team,Armando Cooper,MF,0
Panama national football team,José Calderón,GK,0
Panama national football team,Adolfo Machado,DF,0
Panama national football team,Valentín Pimentel,MF,0
Panama national football team,Erick Davis,DF,0
Panama national football team,Abdiel Arroyo,FW,0
Panama national football team,Luis Ovalle,DF,0
Panama national football team,Luis Tejada,FW,0
Panama national football team,Ricardo Ávila,MF,0
Panama national football team,Aníbal Godoy,MF,0
Panama national football team,José Luis Rodríguez,MF,0
Panama national football team,Álex Rodríguez,GK,0
Panama national football team,Felipe Baloy,DF,1
Tunisia national football team,Farouk Ben Mustapha,GK,0
Tunisia national football team,Syam Ben Youssef,DF,0
Tunisia national football team,Yohan Benalouane,DF,0
Tunisia national football team,Yassine Meriah,DF,0
Tunisia national football team,Oussama Haddadi,DF,0
Tunisia national football team,Rami Bedoui,DF,0
Tunisia national football team,Saîf-Eddine Khaoui,FW,0
Tunisia national football team,Fakhreddine Ben Youssef,FW,0
Tunisia national football team,Anice Badri,MF,0
Tunisia national football team,Wahbi Khazri,FW,0
Tunisia national football team,Dylan Bronn,DF,0
Tunisia national football team,Ali Maâloul,DF,0
Tunisia national football team,Ferjani Sassi,MF,0
Tunisia national football team,Mohamed Amine Ben Amor,MF,0
Tunisia national football team,Ahmed Khalil,FW,0
Tunisia national football team,Aymen Mathlouthi,GK,1
Tunisia national football team,Ellyes Skhiri,MF,0
Tunisia national football team,Bassem Srarfi,FW,0
Tunisia national football team,Saber Khalifa,FW,0
Tunisia national football team,Ghailene Chaalali,FW,0
Tunisia national football team,Hamdi Nagguez,DF,0
Tunisia national football team,Mouez Hassen,GK,0
Tunisia national football team,Naïm Sliti,FW,0
Colombia national football team,David Ospina,GK,0
Colombia national football team,Cristián Zapata,DF,0
Colombia national football team,Óscar Murillo,DF,0
Colombia national football team,Santiago Arias,DF,0
Colombia national football team,Wílmar Barrios,MF,0
Colombia national football team,Carlos Sánchez,MF,0
Colombia national football team,Carlos Bacca,FW,0
Colombia national football team,Abel Aguilar,MF,0
Colombia national football team,Radamel Falcao,FW,1
Colombia national football team,James Rodríguez,MF,0
Colombia national football team,Juan Cuadrado,MF,0
Colombia national football team,Camilo Vargas,GK,0
Colombia national football team,Yerry Mina,DF,0
Colombia national football team,Luis Muriel,FW,0
Colombia national football team,Mateus Uribe,MF,0
Colombia national football team,Jefferson Lerma,MF,0
Colombia national football team,Johan Mojica,DF,0
Colombia national football team,Farid Díaz,DF,0
Colombia national football team,Miguel Borja,FW,0
Colombia national football team,Juan Fernando Quintero,MF,0
Colombia national football team,José Izquierdo,FW,0
Colombia national football team,José Fernando Cuadrado,GK,0
Colombia national football team,Dávinson Sánchez,DF,0
Japan national football team,Eiji Kawashima,GK,0
Japan national football team,Naomichi Ueda,DF,0
Japan national football team,Gen Shoji,DF,0
Japan national football team,Keisuke Honda,MF,0
Japan national football team,Yuto Nagatomo,DF,0
Japan national football team,Wataru Endo,DF,0
Japan national football team,Gaku Shibasaki,MF,0
Japan national football team,Genki Haraguchi,MF,0
Japan national football team,Shinji Okazaki,FW,0
Japan national football team,Shinji Kagawa,MF,0
Japan national football team,Takashi Usami,MF,0
Japan national football team,Masaaki Higashiguchi,GK,0
Japan national football team,Yoshinori Muto,FW,0
Japan national football team,Takashi Inui,MF,0
Japan national football team,Yuya Osako,FW,0
Japan national football team,Hotaru Yamaguchi,MF,0
Japan national football team,Makoto Hasebe,MF,1
Japan national football team,Ryota Oshima,MF,0
Japan national football team,Hiroki Sakai,DF,0
Japan national football team,Tomoaki Makino,DF,0
Japan national football team,Gōtoku Sakai,DF,0
Japan national football team,Maya Yoshida,DF,0
Japan national football team,Kosuke Nakamura,GK,0
Poland national football team,Wojciech Szczęsny,GK,0
Poland national football team,Michał Pazdan,DF,0
Poland national football team,Artur Jędrzejczyk,DF,0
Poland national football team,Thiago Cionek,DF,0
Poland national football team,Jan Bednarek,DF,0
Poland national football team,Jacek Góralski,MF,0
Poland national football team,Arkadiusz Milik,FW,0
Poland national football team,Karol Linetty,MF,0
Poland national football team,Robert Lewandowski,FW,1
Poland national football team,Grzegorz Krychowiak,MF,0
Poland national football team,Kamil Grosicki,MF,0
Poland national football team,Bartosz Białkowski,GK,0
Poland national football team,Maciej Rybus,MF,0
Poland national football team,Łukasz Teodorczyk,FW,0
Poland national football team,Kamil Glik,DF,0
Poland national football team,Jakub Błaszczykowski,MF,0
Poland national football team,Sławomir Peszko,MF,0
Poland national football team,Bartosz Bereszyński,DF,0
Poland national football team,Piotr Zieliński,MF,0
Poland national football team,Łukasz Piszczek,DF,0
Poland national football team,Rafał Kurzawa,MF,0
Poland national football team,Łukasz Fabiański,GK,0
Poland national football team,Dawid Kownacki,FW,0
Senegal national football team,Abdoulaye Diallo,GK,0
Senegal national football team,Adama Mbengue,DF,0
Senegal national football team,Kalidou Koulibaly,DF,0
Senegal national football team,Kara Mbodji,DF,0
Senegal national football team,Idrissa Gueye,MF,0
Senegal national football team,Salif Sané,MF,0
Senegal national football team,Moussa Sow,FW,0
Senegal national football team,Cheikhou Kouyaté,MF,1
Senegal national football team,Mame Biram Diouf,FW,0
Senegal national football team,Sadio Mané,FW,0
Senegal national football team,Cheikh N'Doye,MF,0
Senegal national football team,Youssouf Sabaly,DF,0
Senegal national football team,Alfred N'Diaye,MF,0
Senegal national football team,Moussa Konaté,FW,0
Senegal national football team,Diafra Sakho,FW,0
Senegal national football team,Khadim N'Diaye,GK,0
Senegal national football team,Badou Ndiaye,MF,0
Senegal national football team,Ismaïla Sarr,FW,0
Senegal national football team,M'Baye Niang,FW,0
Senegal national football team,Keita Baldé,FW,0
Senegal national football team,Lamine Gassama,DF,0
Senegal national football team,Moussa Wagué,DF,0
Senegal national football team,Alfred Gomis,GK,0